username,CHAT,2024-07-17T15:56:34.600018200,test
username,CHAT,2024-07-17T15:56:39.710446700,안녕하세용~
username,CHAT,2024-07-17T15:56:44.104378,안녕하세요 진희님~~~~
username,CHAT,2024-07-17T15:56:46.260737700,우왕~~~~~
username,CHAT,2024-07-17T15:56:49.604183100,반가와요 민지님~~~
username,CHAT,2024-07-17T15:58:27.883274700,ㅎㅎㅎㅎㅎ
username,CHAT,2024-07-17T15:58:47.408195300,ㅅㄴㄷㅅㅁ
임시,CHAT,2024-07-23T18:02:22.480841200,헬로~
임시,CHAT,2024-07-23T18:03:03.846936200,옼케이
임시,CHAT,2024-07-23T18:03:38.556069300,저런,,,
임시,CHAT,2024-07-23T18:03:41.518726,이런...
임시,CHAT,2024-07-23T18:04:12.649260600,오 외로우ㅓ..
임시,CHAT,2024-07-24T17:26:33.057234900,ㅇㅇ
test,CHAT,2024-07-26T10:44:39.784586400,헬로~
test,CHAT,2024-07-26T11:43:40.838295,안녕하세요 진희님~~~~
test,CHAT,2024-07-26T11:43:46.840960700,노고가 많으십니다~
test,CHAT,2024-07-26T11:44:06.878057100,ㅎㅎㅎㅎㅎ
test,CHAT,2024-07-26T11:44:10.249840600,ㅎㅎㅎㅎㅎ
test,CHAT,2024-07-26T12:33:03.973996900,헬로~
test,CHAT,2024-07-26T12:33:08.408340500,df
test,CHAT,2024-07-26T12:33:11.329450900,ㅀ옥호
test,CHAT,2024-07-26T12:33:12.940150,러쇼ㅓㅅ
카드값줘체리,CHAT,2024-07-30T16:35:02.816623500,kkk
카드값줘체리,CHAT,2024-07-30T16:35:04.272299400,kk
카드값줘체리,CHAT,2024-07-30T16:35:05.645762,kkk
카드값줘체리,CHAT,2024-07-30T16:35:07.003130900,kkk
카드값줘체리,CHAT,2024-07-30T16:43:30.413596900,tttt
김헬로,CHAT,2024-07-30T18:59:44.692224600,헬로~
김헬로,CHAT,2024-07-30T18:59:47.880609100,ㄹㅇㅎ러혀ㅏㄱ
김헬로,CHAT,2024-07-30T18:59:50.298624900,ㅎ허효ㅘㅕㅛㄷㄱ거ㅣㅏㅏㅔ
김헬로,CHAT,2024-07-30T19:15:50.119344500,이거 정말 재밋어요
김헬로,CHAT,2024-07-30T19:15:51.994118100,다들 같이 봐요
김헬로,CHAT,2024-07-30T19:18:00.100124600,안ㄴ여ㅏ셍료~~~~
위궤양개츠비,CHAT,2024-07-30T19:18:02.349268200,안ㄴㅇ하세요~!
asdf,CHAT,2024-07-30T19:18:02.513610300,멍멍
asdf,CHAT,2024-07-30T19:18:05.332011,안뇽하세요
asdf,CHAT,2024-07-30T19:18:09.215469300,이거 재밌나요?
김헬로,CHAT,2024-07-30T19:18:13.347811500,이 책에 대해 너무대화하고 싶엇어요`~~~
위궤양개츠비,CHAT,2024-07-30T19:18:15.365772700,신고하실건가아ㅛ
asdf,CHAT,2024-07-30T19:18:16.788570,위궤양이요?
위궤양개츠비,CHAT,2024-07-30T19:18:16.910968800,건가요
위궤양개츠비,CHAT,2024-07-30T19:18:17.507182100,저를
김헬로,CHAT,2024-07-30T19:18:22.668105800,이거 38페이지 보셧어요?!?!?!?!
김헬로,CHAT,2024-07-30T19:18:26.677853200,진짜 꿀정보 대박!!!!!!
김헬로,CHAT,2024-07-30T19:18:31.646035400,대답이 없으세요 왜!!!
위궤양개츠비,CHAT,2024-07-30T19:18:31.974521700,절대!!! 놓치지 마세요~!
asdf,CHAT,2024-07-30T19:18:33.372678600,혹시 광고알바이신가요?
asdf,CHAT,2024-07-30T19:18:34.314534900,어머
김헬로,CHAT,2024-07-30T19:18:35.591166100,읽으셧냐구요~~~~
김헬로,CHAT,2024-07-30T19:18:42.526920100,무슨 소리세요~~~
김헬로,CHAT,2024-07-30T19:18:46.472774600,내돈내산이고ㅓ든요?ㅃ@?!?!!?
asdf,CHAT,2024-07-30T19:18:48.229036900,영수증 리뷰해주세요
김헬로,CHAT,2024-07-30T19:18:49.058467900,웃긴 사람~~~~
asdf,CHAT,2024-07-30T19:18:51.509775300,못 믿겠어요
위궤양개츠비,CHAT,2024-07-30T19:18:52.536040400,헉 뒷광고였나요?
김헬로,CHAT,2024-07-30T19:18:53.808164800,영수증이요????
김헬로,CHAT,2024-07-30T19:18:56.225539400,어딧더라~~~
asdf,CHAT,2024-07-30T19:18:58.464934,이상해요
김헬로,CHAT,2024-07-30T19:19:00.578771200,ㅋㅋㅋㅋㅋㅋㅋㅋㅋㅋㅋㅋㅋㅋㅋㅋㅋㅋㅋㅋㅋㅋㅋㅋㅋ
asdf,CHAT,2024-07-30T19:19:03.274538700,신고할게요
김헬로,CHAT,2024-07-30T19:19:07.910187200,ㅋㅋㅋㅋㅋㅋㅋㅋㅋㅋㅋㅋㅋㅋㅋㅋㅋㅋㅋㅋㅋㅋㅋㅋㅋㅋㅋ너무해~~~~
asdf,CHAT,2024-07-30T19:19:36.495663200,나가지 마요ㅠㅠ
내이름,CHAT,2024-07-31T11:18:23.508067,ㅎㅇ
짱구는옷말려,CHAT,2024-07-31T11:41:43.388151600,와!
짱구는옷말려,CHAT,2024-07-31T11:41:44.803899400,안녕하세요!
개츠비,CHAT,2024-07-31T11:41:55.470128900,헬로입니다~
짱구는옷말려,CHAT,2024-07-31T11:41:57.074487900,좌측에 목록도 떠요~
개츠비,CHAT,2024-07-31T11:41:57.295343600,이책 좋지요
내이름,CHAT,2024-07-31T11:41:58.080627400,안녕하세요
개츠비,CHAT,2024-07-31T11:41:59.604729100,너무재밋어요
류려령,CHAT,2024-08-07T12:04:16.525354900,vgvjghj
류려령,CHAT,2024-08-07T12:04:17.535080500,vgjvmk;
류려령,CHAT,2024-08-07T12:04:19.745705200,bjvgdrhj;
류려령,CHAT,2024-08-07T12:04:21.172262900,cfhdyrysetgvgj
류려령,CHAT,2024-08-07T12:04:22.387579800,cfgdfyjbo
조우리,CHAT,2024-08-07T12:43:48.292810300,헉 다들 계세요??
류려령,CHAT,2024-08-09T10:10:12.872603600,계세요~~~
류려령,CHAT,2024-08-09T10:10:18.299274200,아무나 말좀~~
조민정,CHAT,2024-08-12T11:09:18.457095400,안녕하세요
조민정,CHAT,2024-08-12T11:09:25.978498,89페이지에 대해 대화
조민정,CHAT,2024-08-12T11:09:28.240504700,나누고 싶습니다~
조민정,CHAT,2024-08-12T11:12:17.339800,안녕하세요
